"","V1","V2","V3","V4","V5","V6","V7","V8","V9","V10","V11","V12","V13","V14","V15","V16","V17","V18","V19","V20","V21","V22","V23","V24","V25","V26","V27","V28","V29","V30","V31","V32","V33","V34","V35"
"1",0.180665601044893,0.369736888445914,0.566912052687258,0.578395212534815,0.898560270667076,-0.932199093047529,0.0403988342732191,0.295807300135493,-0.570205760654062,-0.74756822315976,-0.921837992966175,-0.868470367975533,-0.308881897013634,-0.378149322234094,-0.646465748548508,-0.989428722299635,-0.670783773995936,-0.710921379271895,0.982568807434291,-0.341422436758876,-0.88227081624791,-0.159083741251379,-0.479629417415708,-0.382236192468554,-0.675709666218609,0.491400296799839,0.31712967902422,-0.735497283283621,-0.359477672725916,0.841905723791569,-0.110809063538909,-0.829616567119956,-0.628665620926768,0.60295902332291,-0.0105229737237096
"2",0.14077897882089,-0.599450556561351,0.0159431826323271,0.997646061703563,-0.568417034111917,0.828509575687349,0.665836072992533,0.479212589096278,0.0105519141070545,-0.103846858255565,-0.234071310609579,-0.313392313197255,-0.365845254156739,0.644253696780652,-0.496880198828876,0.133954735007137,0.613907446619123,0.145302958786488,-0.306854822672904,0.713099085725844,0.645908206235617,0.598866700194776,0.82732219202444,-0.201076874509454,0.2417017724365,-0.0950472322292626,0.106050052214414,0.0975969503633678,-0.618230727035552,0.334743344690651,-0.775313263293356,0.875301277730614,-0.610602135304362,0.598602431826293,-0.933784751687199
"3",-0.392513822764158,0.210825271904469,0.117850460577756,0.643313401844352,0.0439195595681667,0.073693594429642,0.833727847319096,-0.983025170397013,-0.492773932404816,-0.917428425047547,-0.86693159956485,0.41698616091162,0.464534062892199,0.768041824456304,-0.893399995751679,0.93694931641221,-0.360498937312514,-0.15914997830987,0.97762978868559,0.676913653500378,0.738022471778095,0.870800669305027,-0.343069377820939,-0.20363715197891,0.748402169905603,0.552887245547026,0.574053302407265,-0.496202262118459,0.163497527129948,-0.873620030470192,-0.228550602681935,0.517850419506431,0.311424073763192,0.970567282289267,0.559878268744797
"4",-0.508879073895514,0.125283823814243,-0.108684349805117,0.761160538997501,0.0213393233716488,0.931611717678607,0.266703750472516,-0.997545105870813,-0.386625048238784,0.789375441148877,0.581918973010033,-0.986365533899516,0.559426067396998,-0.849816287867725,-0.439806811045855,-0.638864478096366,0.573915806598961,-0.528565384913236,0.0693168840371072,0.936543578281999,0.454294894821942,0.871572725009173,0.424655458889902,0.808355870656669,-0.365945692174137,-0.182628269772977,-0.0217748708091676,-0.828333129175007,-0.495732679497451,-0.146211718674749,-0.0430274680256844,-0.0477804685942829,0.957668088842183,0.260624955873936,0.768705682363361
"5",0.377160832751542,-0.359225589316338,0.850631320849061,-0.083589474670589,-0.209342605900019,0.469731625169516,0.745965429581702,-0.201150624081492,0.699711181223392,-0.507096817716956,0.984546160791069,0.220199565868825,0.800831452943385,0.342616129666567,0.230988358613104,0.687153917737305,0.0696004340425134,0.740144868846983,-0.790185750927776,-0.614024113863707,-0.79493006831035,-0.686819658149034,0.0557538336142898,-0.505398896988481,0.589159879367799,0.911115644033998,-0.355090816970915,-0.385773723945022,0.698494192678481,0.891725089866668,0.537619230337441,0.142662707716227,-0.545754986815155,-0.350591121707112,0.329480120446533
"6",-0.552567756269127,0.920516449026763,0.696443021763116,-0.192791813053191,-0.433283458463848,0.571347161196172,-0.373754975385964,0.83211988164112,-0.0744184167124331,0.780985970515758,0.684397882316262,0.894100732170045,0.288734031375498,0.0358404875732958,-0.562102925032377,-0.0632490017451346,0.972746467217803,-0.520079863723367,-0.698425399139524,-0.161846997682005,-0.855946876574308,-0.793543209321797,-0.834894057828933,-0.826232998631895,0.999264492187649,-0.680867095477879,0.985487685538828,0.784738556016237,-0.812713149935007,0.829628876410425,0.859154185280204,0.475972088053823,0.918746011331677,-0.719364306889474,0.915085824206471
"7",-0.373649356421083,0.736129995435476,0.0229065022431314,-0.728017250075936,-0.413666538894176,-0.306510461494327,0.959560075309128,-0.111382015049458,0.882973776664585,0.630859943106771,0.05207529803738,0.0668151299469173,0.230150486342609,-0.81544802384451,-0.963034586980939,0.527671309188008,0.66623983066529,0.156748249195516,0.0891096428968012,0.741074325051159,-0.319918103981763,-0.328917664475739,0.919422178063542,0.852206111419946,-0.904136792756617,-0.768797152210027,0.0895662703551352,0.908077887259424,0.00224483432248235,0.719215642660856,0.274501786101609,0.460012682247907,-0.0249590161256492,0.690567271783948,-0.88114527054131
"8",0.918177891056985,-0.603927019052207,0.588580135256052,-0.54537264816463,0.755378846544772,-0.510418096091598,-0.0486082858406007,-0.576321611646563,0.983276758342981,-0.783399554435164,0.98071800917387,0.397132764570415,-0.687072198837996,-0.897822195664048,0.113891113549471,-0.216471733525395,0.575993190985173,-0.829138020984828,0.512647185008973,-0.498859787825495,0.307801729999483,-0.303874372504652,0.0714427516795695,-0.367701231501997,-0.0915548098273575,-0.911019287072122,0.902513877488673,-0.103363438043743,-0.580084308516234,-0.743833894375712,-0.842722109053284,-0.736607858445495,0.199404334183782,0.721136474516243,-0.268000402487814
"9",-0.364062735345215,0.290653865318745,-0.904157523531467,-0.835900467354804,0.550645840354264,0.635052973404527,0.988067049533129,-0.548272978514433,0.661488305777311,0.267104439437389,0.679772542323917,-0.691694217268378,-0.270592668093741,-0.762789743486792,-0.348328192718327,-0.372834536712617,0.499725152738392,-0.366386520676315,-0.265957849565893,-0.165315543301404,0.13239001808688,0.192240217234939,-0.318824145011604,-0.212540184147656,-0.235498537309468,-0.484989832155406,-0.465817825403064,-0.0642587309703231,0.916069810744375,-0.492502612993121,0.161508069373667,0.47553767869249,0.876916130073369,-0.85603454709053,-0.577132291626185
"10",-0.262036277446896,0.608266406692564,0.825901212636381,-0.684525879565626,-0.927665986586362,0.204155962914228,-0.838303548283875,0.992784572765231,0.509409065824002,-0.545755132101476,0.158169150352478,-0.352897144854069,0.0177173698320985,0.769717474002391,0.560078820679337,-0.485173302702606,-0.260912217665464,0.850161767564714,-0.222326402552426,0.897607155609876,0.285770975518972,0.592795071657747,-0.491096968762577,-0.785208255052567,0.547259038779885,-0.338659356348217,0.792716016992927,0.987872930709273,0.938472446985543,0.386460066772997,0.0823973254300654,0.0246619572862983,0.01039346633479,-0.173689364921302,-0.11956393532455
"11",-0.0816446905955672,0.90591232990846,-0.634803599212319,-0.530760917812586,0.82477999618277,-0.881368275266141,0.690584404394031,-0.136764823459089,-0.7933025280945,-0.789108822587878,-0.993113194592297,-0.362513122148812,-0.0321316230110824,-0.260753727983683,-0.563039806671441,0.619750692043453,-0.0322006624191999,-0.787590896245092,-0.0277326186187565,-0.882914949208498,-0.629569702781737,0.730851433239877,0.189779083710164,0.286527992226183,0.239109121263027,-0.131222675554454,0.122362076770514,-0.630134873557836,0.904793287627399,0.642953091301024,-0.362694264855236,-0.917040096130222,0.57775411196053,-0.123557939194143,0.118468216620386
"12",0.681085288058966,-0.156312674749643,0.452661437448114,-0.0901356250979006,0.0787494922988117,0.535554775502533,-0.779786394909024,0.320436291862279,-0.040126197040081,0.791928536724299,0.333450832869858,-0.984555846080184,0.868052231147885,0.489228791091591,-0.702232903800905,0.0399366919882596,-0.901185277383775,-0.967142297886312,0.218668962828815,-0.814772787503898,-0.66460915049538,0.113888278603554,-0.850922008045018,0.354993434622884,-0.939140893053263,-0.316727349068969,-0.173049446195364,0.278331793379039,0.566289930604398,-0.798025474883616,0.621689973399043,-0.562903095968068,-0.819367583375424,-0.880372894462198,-0.145849511492997
"13",0.142015453893691,-0.775600589346141,-0.522116980049759,0.588896428234875,-0.974930701777339,0.938615660183132,0.18347284430638,-0.163298609666526,-0.0530043267644942,0.171854724641889,0.0532975597307086,-0.877772361505777,-0.803260776679963,-0.539493531454355,-0.098627055529505,-0.0871852585114539,0.711171444505453,-0.918014131020755,0.836377783678472,-0.238441206980497,-0.200437817722559,-0.396144466008991,-0.397938640322536,-0.813085763715208,0.172580507583916,0.768215731717646,-0.326055668760091,-0.517904693260789,-0.769428350962698,-0.842517344746739,-0.672330496367067,0.469253981485963,0.574148914776742,-0.612078595906496,-0.231245709117502
"14",-0.783183694817126,-0.317978803999722,0.325344135053456,-0.0731321382336318,-0.853335118852556,-0.915959563106298,0.312632804736495,-0.893598129507154,-0.551076125819236,-0.181679029949009,0.520182950422168,-0.388487713877112,-0.089161935262382,0.167218235787004,-0.089859311003238,-0.41267503099516,0.262409759219736,-0.372870603110641,0.298681268468499,0.211360222660005,0.707575605716556,-0.843700802884996,-0.348937755916268,0.263690738007426,-0.246838735882193,0.847443226724863,-0.012011684011668,-0.541265583131462,0.180777900852263,0.231033748947084,0.630199665203691,0.51827595802024,-0.894561872351915,0.193077152594924,-0.391017689369619
"15",0.786694994661957,-0.772623707540333,-0.435621832497418,0.853623873088509,0.331141002010554,0.0484696994535625,0.212477549444884,-0.367950477637351,-0.792766804806888,0.112033274024725,-0.818227900657803,0.990356574300677,-0.412941659335047,-0.977196176536381,-0.608317752368748,-0.799603019841015,0.461451775860041,0.815231682732701,0.224919370375574,0.306857713963836,-0.880364501383156,0.0751072601415217,-0.371652165427804,-0.0525924046523869,-0.245940463151783,-0.0727245868183672,-0.767701973672956,-0.0744303683750331,-0.809407840948552,-0.261469745077193,-0.298522884491831,-0.93478172365576,0.928463370539248,0.404478578828275,0.68408949393779
"16",-0.83171056304127,0.926064806524664,0.188108470290899,-0.556362892501056,-0.861955132335424,-0.897762400563806,0.310808593872935,-0.961307850666344,-0.512786017265171,0.209153782576323,-0.630681816954166,0.0918476055376232,0.27695082500577,0.800866814795882,-0.853749281261116,-0.486729671712965,-0.351565135642886,-0.0155461230315268,0.309688445180655,0.7196667608805,-0.392116730567068,0.00615504337474704,0.633598959539086,0.954165804199874,0.66226755362004,-0.226757511030883,0.27679352555424,-0.429141817148775,-0.247129870578647,-0.170931234490126,-0.778793237172067,0.700727452524006,-0.705773563124239,-0.68104162812233,-0.950818611308932
"17",0.578094675205648,0.950139951426536,0.450216706376523,0.0696502798236907,0.167379683349282,0.647709736600518,0.977677424438298,-0.43889081524685,0.519005644135177,-0.542182112112641,-0.665893566794693,0.97217060578987,-0.151114696636796,0.371317652985454,0.961929100565612,-0.172032932285219,0.797313367482275,0.366247558500618,0.164620697963983,0.487603806890547,0.544940885156393,-0.606290746945888,0.0115506849251688,-0.152454775292426,-0.822572915814817,-0.0752630024217069,0.760867583565414,0.314110453240573,-0.177400364074856,0.199847336858511,0.0441684047691524,0.156707832124084,-0.650664042215794,-0.756364410743117,-0.813499055337161
"18",-0.91488416492939,0.661580870393664,0.740078860428184,-0.0580022274516523,-0.0809418372809887,0.625804360490292,-0.338519296143204,-0.658947244286537,0.00630903197452426,0.110218187794089,0.786582042463124,0.975033144000918,-0.00519798323512077,-0.37664242926985,0.193312206771225,-0.828668899368495,0.0198030658066273,-0.787641625851393,-0.0979418158531189,0.445685151033103,-0.817796507850289,0.676811745390296,-0.967531096655875,-0.733579335734248,-0.734695696737617,-0.0682126064784825,-0.945969498716295,0.984327891841531,0.371612980496138,-0.0167031199671328,-0.615020464174449,-0.279974672477692,0.971552324015647,-0.181163540575653,-0.622332307044417
"19",0.506318152882159,0.524286353960633,0.830114169046283,0.101741811726242,0.298890501260757,-0.153341997880489,-0.992079413961619,-0.776407783851027,-0.790800642222166,0.954335016198456,-0.964246824383736,0.976535168010741,0.0764368418604136,0.321697819512337,0.671287261880934,-0.819705942645669,-0.578294809907675,0.182224015239626,0.286943035200238,-0.87763530947268,0.0969447479583323,-0.872063745278865,-0.713823934085667,0.787159959319979,0.671555066481233,0.313264946453273,0.639528709463775,-0.62579337367788,0.415864525828511,0.0932174152694643,-0.923080180305988,-0.274310005363077,0.87424863409251,-0.718748899642378,-0.138869055081159
"20",0.58910632552579,0.77343528252095,-0.593395105097443,-0.153528716415167,0.516235186252743,-0.033713701646775,-0.00338187254965305,0.250227536540478,-0.780755923595279,-0.0176099697127938,0.811163200065494,0.206311001442373,0.941389568615705,0.224228495266289,-0.83474352164194,0.0979019207879901,0.207410059403628,-0.61701693944633,0.389298852998763,0.988017911557108,-0.842298774514347,0.692564077209681,-0.978121894411743,-0.979793693870306,-0.740021387580782,-0.552419601939619,0.738107574637979,-0.115586520172656,0.322889788541943,0.612557026091963,-0.173345070332289,0.852060756646097,0.387519544456154,0.0285434355027974,0.810351903550327
"21",-0.279769726563245,0.880191882606596,-0.992541305255145,0.410352069884539,0.332309331744909,0.75322546530515,0.257924517150968,0.482321739196777,0.706047896295786,-0.342190410941839,-0.336948372423649,-0.511720821261406,-0.30980219040066,-0.788724314421415,0.46692808624357,0.717532667331398,0.840205389540642,-0.188143521547318,0.918108059093356,0.944763863459229,0.373144361190498,-0.332044032867998,0.0163100017234683,-0.189142802730203,-0.759791363961995,0.403825249988586,-0.0761085976846516,-0.748066492378712,0.0724637294188142,-0.971916610375047,0.310443600639701,0.713421235792339,-0.53630960918963,0.076237796805799,0.936781357042491
"22",0.232923467643559,-0.756246825214475,-0.850723834708333,-0.0867938743904233,-0.962087754625827,0.33239082666114,0.634408192709088,-0.667104078456759,-0.848231751006097,-0.832445837557316,-0.927632837556303,0.219492860604078,-0.677359130699188,0.470017397776246,-0.955016247928143,-0.104232210665941,0.876220946665853,-0.710933768656105,-0.382495228201151,0.341280880384147,0.00461290450766683,-0.510226636659354,0.390433588530868,0.204316305927932,0.16144028538838,0.95914742955938,0.735507394652814,0.215800450649112,0.500692484900355,-0.972473309841007,0.782908244989812,-0.749917627312243,-0.235893798526376,-0.493428567424417,0.135722185485065
"23",-0.0100865582935512,-0.976410271599889,0.457831470295787,-0.225273283198476,0.831868989858776,0.383499490097165,-0.66943984804675,-0.773749891668558,0.980863134842366,-0.841398971155286,0.154826982878149,0.471173002850264,-0.864150565117598,0.617996558081359,0.750800082925707,-0.460532426368445,0.150394261814654,0.753161182161421,0.479708321392536,0.360995957627892,0.542308712378144,0.784896666649729,0.220260321162641,-0.794635030906647,0.581285479944199,0.197819400113076,0.661419345065951,0.555654611904174,-0.235661027953029,-0.351764923892915,0.78301023086533,-0.0183287556283176,0.580041032284498,0.0283897239714861,0.491317274048924
"24",-0.200221444945782,0.544209416955709,-0.814983734861016,0.722003168892115,-0.94651707354933,-0.704163265880197,0.388445428106934,-0.502149051055312,0.639390716794878,-0.774583687540144,-0.977117947302759,-0.173246054910123,-0.198804427403957,-0.560439984314144,-0.59052442247048,0.310407429467887,0.463297902606428,0.84021175885573,0.807777933310717,-0.957167425658554,-0.238814992364496,0.0663945772685111,-0.362954430282116,0.562613251619041,-0.965358423534781,-0.7236791504547,-0.208383393939584,0.683450956828892,-0.713190951850265,0.846323365345597,0.997873613145202,-0.913634836208075,-0.53405367443338,-0.246178540866822,0.650819536298513
"25",0.280416974332184,-0.0217781704850495,0.472475647926331,0.472049601376057,-0.739420512225479,-0.230885223485529,0.00282960338518023,-0.0990392598323524,-0.655443468596786,-0.417293231934309,-0.882163955364376,0.742505123373121,-0.460260921157897,-0.320914544630796,-0.196679580956697,-0.481422119773924,0.382663996424526,0.0292945466935635,0.68410053383559,0.857072587590665,-0.49007555609569,-0.102016079705209,0.883028693962842,0.0719533138908446,0.718804105184972,-0.600186265539378,0.305842057801783,-0.591867708135396,0.716903623193502,-0.650035062339157,-0.214226801879704,-0.970737928058952,-0.532892477698624,0.489763841964304,-0.215401792898774
"26",-0.705402756575495,-0.286170415580273,-0.662618406116962,0.833768639247864,0.746086171362549,0.0265714093111455,0.135805565398186,0.621258787810802,0.700386587064713,0.199232649058104,0.724769975524396,-0.283572287298739,-0.273650403134525,-0.211489868350327,0.692305938340724,0.955334132071584,-0.924259243533015,0.0123731847852468,-0.780995756853372,-0.590451195370406,0.587702069897205,-0.245653362944722,0.342120984103531,0.636353577021509,0.352352866437286,-0.560450186487287,0.348993730731308,-0.684695064555854,-0.507577490992844,0.315544099546969,-0.258893691934645,-0.87640081346035,-0.424562697298825,0.343772648368031,-0.244400328490883
"27",0.342105779796839,0.419770382344723,0.588426501955837,0.688278690911829,-0.666104102972895,0.0875929705798626,0.568448173813522,-0.783292338717729,0.380975351203233,-0.461405586916953,-0.427439466118813,0.58292039250955,-0.850623467471451,-0.0185694857500494,-0.878394382074475,-0.522588066756725,-0.383023879025131,-0.473529893439263,0.0524860774166882,0.181585425045341,-0.30181534262374,0.454181330278516,0.578251226805151,0.662953079678118,-0.253114419523627,0.221017398871481,0.131996299605817,0.500808552838862,-0.082472113892436,0.78890670882538,-0.79871955094859,-0.751026483718306,0.433732787147164,-0.209782460238785,0.914026961661875
"28",0.212054151110351,-0.179550798609853,0.380548241082579,-0.986956004053354,0.488723413087428,0.680706763640046,0.813148829620332,-0.923038734588772,0.255473911762238,-0.554914762731642,0.368963054846972,-0.658464868552983,-0.270173318684101,0.248496837448329,-0.628851084504277,0.543980572838336,-0.7122414666228,-0.454063840210438,0.589481631759554,0.704945518635213,-0.430953342933208,-0.798785159830004,-0.259837151970714,-0.550440724473447,0.577384663745761,0.373517943080515,-0.691352297086269,-0.953344559296966,0.388562696054578,0.887992540374398,0.0846937680616975,-0.682321480475366,0.628270076587796,0.00236937077715993,-0.184587080031633
"29",0.357710843905807,0.991340794600546,-0.916420291177928,-0.94012544862926,-0.479198909364641,0.0634117177687585,0.414854976348579,0.211151894181967,-0.636971869505942,0.786322005093098,-0.780391918495297,-0.701633932068944,0.385879306122661,-0.055257230065763,-0.450878628529608,-0.429146468173712,0.275008750613779,-0.693730528000742,0.224183870479465,0.561742455232888,0.850976324640214,0.971667126752436,-0.770325825084001,-0.370535188354552,0.672172855120152,-0.0940693393349648,0.102851684205234,0.675487880595028,-0.557178136426955,0.81573247583583,0.215250661596656,0.613088798709214,0.0839602104388177,0.294887213967741,0.400272849015892
"30",-0.60382497869432,-0.301165108103305,-0.527847898658365,-0.354164867196232,-0.389047624077648,-0.285891338717192,0.871764936018735,-0.622545793652534,0.403065759222955,-0.271464860998094,0.998355179093778,0.504449598491192,0.508939893450588,-0.289608966559172,0.752957192249596,-0.912384938448668,0.138178609777242,0.167420827783644,0.471936525776982,0.647799432277679,-0.944674221333116,-0.541761695407331,-0.0441245250403881,0.882824220694602,0.152857286389917,-0.191313055343926,0.332431333139539,0.113758135586977,0.692783267237246,0.988898552022874,-0.335548787843436,-0.839151887223125,0.213222390040755,-0.92575121158734,-0.21687597502023
"31",-0.315434268675745,0.587456089444458,0.0241187694482505,-0.379744508303702,-0.13001052569598,0.870609676465392,-0.90887752501294,0.288050155155361,-0.888745865784585,0.918941868469119,-0.293071347754449,0.499046949669719,-0.646844721399248,-0.244566716253757,0.486938210669905,-0.798071673605591,-0.767499466426671,0.857096641790122,-0.786341603845358,-0.633740896824747,0.358533011749387,0.532644731458277,0.691247284412384,-0.322376248892397,0.107822543941438,-0.223361146636307,0.773322045337409,0.377774562686682,0.677039304748178,-0.757103610783815,-0.0520049990154803,-0.648524153511971,-0.229834794066846,-0.266643445007503,0.929334877524525
"32",0.841978061944246,0.457486350554973,-0.439265759661794,-0.302073445636779,0.339304316323251,-0.734220011159778,0.690093249082565,-0.493614362552762,0.496715198270977,0.156462871935219,0.169256533496082,0.612368595786393,0.822582105640322,-0.941980486735702,0.221078503411263,0.286052054725587,0.420865116175264,0.559943909756839,-0.765450839418918,0.479305380024016,-0.93018980929628,-0.848742246162146,0.240708886180073,0.246980652213097,-0.977611022535712,0.0368729936890304,0.874538040719926,0.267340716905892,0.626635392196476,-0.470182558521628,0.639739887323231,0.010559955611825,0.0488353124819696,-0.613267930690199,-0.856732849031687
"33",0.131090216804296,-0.176654824987054,0.600447063799948,0.334983060602099,-0.846591522917151,-0.849603661336005,0.0381211335770786,-0.143156711943448,0.59297406906262,0.746111006010324,-0.11774715455249,-0.643352016340941,0.700867483858019,-0.813041062094271,0.856675947085023,-0.0382263911888003,0.984674011357129,-0.0641220426186919,-0.541134593542665,-0.0968697317875922,-0.352611318230629,0.794526749756187,-0.431505031883717,0.370576697401702,0.619411071296781,-0.758169812615961,-0.228794008027762,-0.650219516362995,0.186543462797999,-0.774451646953821,-0.597924507688731,-0.0956872259266675,0.894918785896152,0.160261532757431,0.868501227349043
"34",-0.639125631190836,0.54833443602547,0.578413978219032,0.0185059416107833,0.0451408373191953,0.31297495122999,-0.0949047575704753,0.784268210176378,-0.796008188743144,-0.97914742352441,-0.0959583534859121,0.495614105369896,-0.279195707757026,-0.351709329057485,0.239366446156055,0.187001429498196,0.845117288641632,0.926169878337532,0.921354873571545,0.448083672206849,0.427402574568987,-0.905315894633532,-0.864814169239253,0.961970523465425,0.925495519302785,0.253480845596641,0.646665160078555,-0.67192574031651,0.560457726940513,0.0312608615495265,0.881823037751019,-0.451474386733025,0.494790560565889,0.697014697827399,-0.254038146696985
"35",0.176248195115477,-0.774749828036875,0.0830720406956971,-0.432091081980616,-0.583636717870831,0.526147294789553,-0.693854842800647,-0.0162678309716284,-0.690131150186062,0.889934803824872,-0.1160634951666,-0.975993003696203,0.16486731544137,0.529014799278229,-0.87565506529063,-0.652229294646531,0.46867139916867,-0.456909351516515,-0.559613517019898,-0.9608234167099,0.812372572720051,-0.0251028933562338,-0.513170956168324,0.750382892787457,0.0252233622595668,0.906333692371845,-0.240283075254411,0.786171434912831,0.0951056582853198,-0.466906624380499,-0.689209260512143,0.969072220847011,0.473509369418025,-0.848764016292989,-0.736076949164271
"36",0.774599123280495,0.818146890494972,0.735621982254088,0.392771633341908,0.0183861614204943,0.195996455382556,-0.133744660299271,0.75842838967219,-0.86184026254341,-0.627924410626292,0.320643777493387,-0.51658943714574,-0.0194251248613,0.320387171115726,-0.179655227810144,-0.528403875883669,0.51696417061612,0.860898828599602,-0.46129116229713,-0.0838537807576358,0.501165515277535,0.916830049362034,-0.349079248029739,-0.910845243837684,0.466680549550802,0.437594693619758,0.572231973521411,-0.473001420963556,0.548788620624691,0.83967487886548,0.121849809307605,0.449460052885115,-0.664248894900084,-0.539821372367442,-0.165053170640022
"37",0.902448947075754,-0.109609152656049,0.290628910530359,0.302228369750082,0.463076607789844,0.750945071224123,0.961807849351317,-0.55996063305065,0.248058614786714,-0.290642494335771,0.208218445535749,-0.202137073967606,-0.231653712224215,0.473960533738136,0.67006424209103,0.631147713866085,-0.607136166654527,-0.281889216508716,-0.721981807611883,-0.280894891824573,-0.948075115215033,-0.27024641353637,0.429875669069588,0.791185475885868,0.229747916571796,-0.769578918348998,-0.748574717435986,0.472389834467322,0.897989592514932,-0.758132889401168,-0.510758175048977,0.391085503157228,-0.734374318271875,-0.645149021875113,-0.426803690381348
"38",0.528549069073051,0.0392893683165312,0.882008666638285,-0.168381699360907,0.00778620969504118,-0.130793599411845,0.373382740654051,-0.565903873648494,-0.312633383087814,-0.756891392171383,-0.486785785760731,0.845793297514319,0.20988808805123,0.081556084100157,0.0499634644947946,-0.0494698872789741,-0.829831704962999,0.720789671875536,0.155306214466691,-0.506187704857439,0.0780976195819676,0.569627934135497,-0.372632483951747,0.346677367575467,0.414546830113977,-0.225938328541815,-0.773273619357497,0.414676188956946,-0.187016607262194,-0.823900205548853,-0.661508950404823,-0.143928363919258,0.916233216878027,0.434022048488259,-0.679668897762895
"39",-0.29135333141312,-0.689985520672053,-0.888507826719433,0.288522879127413,-0.40009452868253,0.806477746460587,-0.603317296598107,-0.0747973532415926,0.539967745076865,0.787821178790182,-0.965785586740822,-0.453121119644493,0.833353462163359,-0.850030069705099,0.781246630009264,0.126442996319383,0.786750127095729,0.15246170759201,-0.329259866848588,-0.0242917989380658,-0.049033148214221,-0.348863604944199,0.708713581319898,-0.881862561218441,0.299098018556833,0.79586044093594,-0.563130109105259,0.94921453576535,0.38242061343044,-0.446986151859164,-0.889025663957,-0.31690651923418,-0.825218009296805,-0.305138579569757,-0.418157331645489
"40",-0.894402251578867,0.107803031336516,0.415622101631016,0.079328843858093,-0.757432249840349,0.545998661778867,0.753028177190572,0.680749364197254,-0.0538588780909777,0.789553796872497,-0.220745623111725,0.689156709704548,-0.571380819194019,-0.36931464727968,0.701735117007047,-0.689978833775967,-0.305209894664586,-0.377176352310926,0.171036182437092,0.44028772553429,0.828403258696198,-0.0702449060045183,0.902145892381668,-0.955226294696331,-0.117846103850752,-0.937068544328213,-0.278227812144905,-0.767880543135107,-0.209933018777519,-0.68542855232954,0.928216965403408,-0.816233442630619,0.632606022059917,0.214038868434727,0.572033252101392
"41",-0.02518648840487,-0.533534245099872,0.615301892161369,0.179198919795454,0.501898225862533,0.156044605188072,-0.545760300010443,0.472696860786527,-0.149987947195768,-0.889899343717843,0.991609923541546,0.525094474200159,0.46133670816198,-0.491198254749179,0.590613343752921,0.111485062167048,0.767232133075595,0.781272829510272,-0.234959274064749,-0.423702613916248,-0.98373573506251,-0.173670692369342,-0.230739331804216,-0.404250087216496,0.903198734857142,0.745793527457863,-0.42551800282672,0.456836206372827,0.549213585909456,0.695441167801619,0.136940087657422,-0.0448606926947832,-0.0496757123619318,-0.305760838091373,0.498460247181356
"42",-0.0653613461181521,-0.826788722071797,-0.423073083627969,-0.0932895876467228,0.461348719429225,-0.316254957579076,-0.051426031626761,-0.177419332321733,0.658419081941247,0.904562482610345,-0.400550239253789,0.168227921240032,0.482058686204255,0.770388232078403,-0.349205914419144,-0.0261122332885861,0.0676980586722493,-0.327628512866795,0.735473670065403,0.293222333770245,-0.617665241938084,0.215677082072943,-0.23232054989785,0.00296556297689676,-0.166680781170726,0.694771589245647,0.134461763314903,-0.0592714161612093,-0.227535700425506,0.614469584543258,0.910203601233661,0.0822206735610962,0.459406644105911,-0.966800712049007,-0.733780928887427
"43",-0.255668509285897,0.829857276752591,-0.608638357371092,0.371661391109228,0.971401474904269,-0.0190023025497794,-0.868172945920378,-0.770530964713544,-0.200244075618684,0.495290806982666,-0.79761579586193,-0.272315619979054,0.681835499126464,0.666896704118699,0.277749267872423,-0.867739493027329,0.376688148826361,0.402484513353556,-0.965873097069561,0.537451464682817,-0.261697683949023,-0.778267960064113,0.506738170515746,0.7405900885351,0.442211322952062,-0.181907729711384,0.830704655032605,0.597935955971479,-0.170046872925013,-0.567258934956044,0.105497505050153,0.50096946163103,-0.506447419058532,-0.689776814077049,0.538179951254278
"44",0.299854817800224,-0.554481129162014,-0.755977305117995,0.839401200879365,0.725202579516917,-0.0809588511474431,-0.933719834312797,0.598316033836454,-0.425753165502101,0.581567788030952,0.601608347613364,0.261657370254397,0.19654869986698,-0.263135310262442,-0.866463450714946,0.825589660089463,-0.300083737354726,-0.97599706472829,-0.943046540953219,0.903404808137566,0.972487565129995,0.820271449629217,0.705952698364854,-0.86653669225052,0.247987792827189,-0.438508382998407,-0.416758459527045,0.776031554676592,0.405553116463125,-0.687434532679617,0.0448528891429305,0.466181086841971,0.322276155930012,0.925682989880443,-0.549122754950076
"45",-0.77438279055059,0.724013283848763,-0.737726107239723,-0.00874510314315557,-0.486656517721713,-0.972188668325543,-0.141032533720136,0.146772468928248,-0.364420989528298,0.837501086760312,0.5342076565139,-0.946102139074355,0.0352015160024166,-0.318778839427978,0.753348193131387,-0.687463637441397,0.990586190484464,-0.0305952960625291,0.238342629745603,-0.829021101351827,0.207477659918368,-0.360935019794852,0.394619284197688,-0.739862316753715,-0.0626539387740195,0.197406606283039,-0.170925649814308,0.113354424014688,0.743276020511985,-0.353062364272773,0.0409216620028019,-0.10046256845817,0.689148567151278,-0.932103580795228,0.209196920040995
"46",-0.89636255800724,-0.853052760008723,-0.922057708259672,0.798202707897872,0.843781215138733,-0.402723671402782,-0.692894303239882,-0.888183375820518,0.987248891033232,-0.631155757699162,-0.236601294483989,0.213691563345492,-0.526177076622844,-0.376764732412994,-0.41021852241829,-0.758215214591473,-0.485049079172313,0.823051054030657,0.226215028669685,0.185335405170918,-0.321752153337002,-0.771430482156575,-0.107599237002432,0.953032355289906,0.881344224326313,0.753923380281776,-0.0302909705787897,0.348795765079558,-0.999949340242893,0.38085262523964,-0.573615480214357,0.571584762539715,0.970795738510787,0.134793496225029,-0.565344791859388
"47",-0.880511061288416,0.905300994869322,0.972559929825366,0.231995256617665,0.817748973611742,-0.828135429415852,0.420614322181791,0.122146722860634,0.947357523720711,-0.980111970566213,-0.502526793628931,0.921801287215203,-0.58816651115194,0.741235408931971,0.165885624010116,0.299493646249175,-0.186194195877761,0.442230627406389,0.976696450728923,0.811170446686447,0.809767835307866,0.499179609119892,-0.368665144778788,-0.730697687715292,0.3872678889893,-0.993518859148026,0.123567423317581,0.570755770429969,0.888132659718394,-0.447345290333033,0.238580386620015,0.0559069565497339,-0.107034237589687,0.759528196416795,0.821130256168544
"48",-0.395935955457389,-0.708104663528502,-0.212130301166326,0.0860054171644151,-0.93240481428802,0.277732272166759,0.0699010593816638,-0.691774221137166,0.607501546852291,0.712490497622639,0.654217492323369,0.900291644502431,-0.347197430673987,0.101920587476343,0.0458804816007614,-0.17628405848518,0.50960002001375,0.506642698775977,0.964522715657949,-0.120164043270051,0.959420302417129,0.151317365001887,-0.410559230018407,0.790200255345553,-0.942532236687839,0.803675409406424,-0.392605425789952,0.404215955175459,0.321412151213735,0.555435503367335,0.423768046312034,0.966620618943125,0.476358338259161,0.416014797054231,-0.179683905560523
"49",0.528384567704052,0.201016787905246,0.4004857535474,-0.688349395059049,0.347854140680283,0.101392111275345,0.236782826948911,-0.776381471659988,-0.890492110513151,-0.617959446273744,-0.379474329296499,-0.775676579214633,0.161575868260115,0.0450981687754393,-0.901843123603612,0.212293150834739,0.626628830097616,-0.623904392123222,0.318282824475318,0.661939669400454,-0.616456598974764,-0.36840299423784,-0.984832391608506,-0.307046356610954,-0.218962804879993,-0.894307638518512,-0.719164345413446,-0.0980753256008029,0.596522926818579,-0.286673930473626,0.810851268004626,0.502303544431925,0.694604629185051,0.860582770779729,0.132699219509959
"50",-0.990860468242317,0.436355422716588,0.251867234241217,0.703378258273005,-0.623986406251788,-0.0592891559936106,0.0904642026871443,0.211702547967434,0.533054777421057,-0.60001576738432,-0.603377036284655,-0.106456991285086,0.86552832974121,0.390152417123318,0.344320380594581,-0.542014859151095,0.142945196013898,0.0916638975031674,0.405377875547856,-0.497994911856949,0.704211077652872,-0.275552674196661,0.113399855792522,-0.332217561081052,0.182085940614343,-0.0476391660049558,-0.941552440170199,-0.55292262416333,-0.876119016204029,0.312063491903245,-0.713834162801504,-0.0120411892421544,0.720970598049462,-0.0993615053594112,0.415374625474215
"51",-0.804247379302979,0.240663074888289,-0.842777310404927,-0.133062776178122,-0.998860938940197,0.68635497847572,0.369160464964807,0.663201374467462,-0.123548185452819,-0.836766753345728,-0.764077234547585,0.131733969785273,0.358023277483881,0.140965298749506,-0.838610051665455,0.212668480817229,0.0173789211548865,-0.522231600247324,-0.48213479667902,0.613129031378776,-0.845314580481499,0.936337443534285,-0.40981246298179,0.989948423113674,0.502727008890361,-0.748428743798286,-0.412606860976666,0.553220564499497,0.871994617395103,0.118616433814168,-0.839272539597005,-0.960127294063568,-0.101360799279064,-0.471326114144176,-0.365661977324635
"52",-0.956036387942731,0.429566227365285,-0.349221062846482,0.840377138461918,0.612207430880517,0.868081713560969,0.274768903385848,-0.233681887853891,-0.0239873342216015,-0.363048132974654,-0.565607219003141,-0.776109046302736,0.675265927799046,0.429102161433548,0.531392094213516,0.0694470671005547,0.478246347047389,0.111636351328343,0.58066020719707,-0.165989309549332,-0.172458904329687,0.627701277378947,0.2038185428828,-0.37427119165659,-0.248706133104861,0.123557851649821,0.94317294517532,-0.994717286899686,-0.380600997712463,0.901722667738795,-0.934240825474262,-0.377872916869819,-0.599887253250927,0.310358671937138,0.00304633053019643
"53",0.254827603697777,0.0685698371380568,-0.776427850592881,0.00108598871156573,-0.665612663142383,-0.167609975207597,-0.633706529159099,-0.290575132705271,0.831188958603889,-0.766517913434654,0.0209833588451147,0.714581443928182,0.680895434226841,-0.311016857624054,-0.97966907126829,0.496903262101114,-0.893092955462635,-0.298007254954427,-0.864479549229145,-0.996351927053183,-0.639279286377132,-0.935154535342008,-0.455098048318177,0.583335456438363,-0.257924048695713,0.224796194117516,-0.152322534937412,0.846352339722216,-0.219388329423964,0.549376196227968,-0.100577129516751,-0.11981094116345,-0.38322314620018,0.349652832839638,0.925236905924976
"54",-0.573758405167609,0.752757883630693,0.993890458717942,-0.764812919311225,-0.902425305452198,-0.895496506709605,0.68766773538664,-0.0952295213937759,-0.944568059407175,-0.622179120779037,-0.820119258016348,0.0689054317772388,0.782306861132383,0.713099458254874,-0.651894473936409,-0.0631407587788999,0.411574263125658,-0.195024707354605,0.162357429042459,-0.395561600103974,0.765633074101061,0.208048314321786,-0.603007330559194,-0.403515183832496,-0.0938176894560456,0.0468721939250827,0.279919959139079,-0.0327273514121771,0.106287537142634,-0.390320748556405,-0.384688681922853,-0.629706600680947,-0.520813629962504,-0.701545840129256,-0.166848830413073
"55",-0.096353922970593,0.869549789931625,0.347567781340331,0.610081732273102,0.10313585633412,-0.71329528093338,0.757322529796511,-0.647265830542892,0.103167003951967,-0.847417711280286,0.768321620766073,0.00915052788332105,0.00607470469549298,0.923659540247172,0.423890029545873,0.239796093199402,0.442812471650541,0.0119754741899669,-0.541856755036861,-0.779196843504906,-0.300228760577738,-0.445324698463082,-0.196348037105054,-0.898296169470996,-0.439618808683008,0.648734285030514,0.619991298764944,0.748112502042204,-0.785679252818227,-0.168606381863356,-0.426571294665337,-0.355710046365857,0.147556561976671,-0.104249808005989,-0.572083977982402
"56",0.222807849757373,0.551704929210246,-0.58804139867425,-0.701449956279248,0.359986791852862,-0.485238923225552,0.0111540127545595,0.0713569168001413,0.363081435672939,0.769334014505148,-0.748239065054804,-0.584967370610684,-0.0304566095583141,-0.424607083201408,-0.575674193911254,-0.939343042206019,-0.611572700552642,0.77375583909452,-0.375201141927391,0.189139012712985,-0.834031759295613,-0.965906460769475,0.380554471630603,-0.580668965820223,-0.271156327333301,0.67592818569392,-0.939413481391966,-0.851666081696749,0.93589628348127,-0.343954118900001,-0.212978072464466,0.976418793201447,-0.452983777970076,-0.340677412226796,-0.133505102712661
"57",0.343205564189702,0.28954268945381,-0.125897242687643,0.0363794355653226,-0.61683220602572,-0.865216881968081,0.192655549384654,-0.43681917199865,-0.187214320525527,-0.651702491100878,-0.967670546844602,0.140990413259715,0.423267982900143,-0.792957254685462,0.391916145570576,-0.730034101288766,-0.278651487082243,0.000697972718626261,0.727871982380748,0.0431571560911834,-0.857872564345598,-0.728759189136326,0.968781447038054,-0.244585977867246,-0.215348123107105,0.446259906515479,-0.690871415194124,-0.381987800821662,-0.341822743881494,-0.476889738813043,0.526272810995579,0.143843190744519,0.801335070747882,-0.559615075588226,-0.964463632088155
"58",-0.556052884552628,-0.537822213955224,-0.797219215892255,0.0334285157732666,0.129988444969058,-0.337397738359869,-0.362575148232281,0.494114444125444,0.521456002257764,-0.723938792012632,0.991731617599726,0.6100372239016,-0.680848463904113,-0.16105108615011,0.579276991542429,0.111141464672983,0.921913268975914,-0.158659887965769,0.661087624263018,0.136280536651611,0.238295470830053,-0.719574003014714,-0.922101596836001,-0.874136233702302,-0.85970776155591,0.867194673977792,0.792056677397341,-0.0992099898867309,0.214820641558617,-0.0220313523896039,0.483393129892647,-0.044619410764426,0.786975205875933,0.192990083247423,0.424040960147977
"59",0.957632426172495,0.441134613007307,0.0456422572024167,-0.962942330166698,-0.409983286634088,-0.386178011540323,-0.164103707764298,0.402154912240803,-0.373228651471436,0.126627968158573,0.0690283831208944,-0.533849337603897,-0.0465157791040838,-0.849330791737884,0.105948920827359,0.940167282707989,0.403544357512146,-0.226632266771048,0.333771538920701,0.0739508210681379,0.427551202476025,0.997918489389122,0.19884335482493,-0.445766641292721,0.300032394006848,0.43723774375394,-0.841638035606593,0.334322210401297,0.60833790153265,-0.369020265992731,-0.886904541868716,-0.597206844948232,-0.86782970558852,-0.31525951391086,-0.760599282570183
"60",0.732177020050585,-0.947148869745433,0.0909995790570974,-0.137382157146931,0.635061694774777,-0.679675249848515,-0.655428767669946,0.867803173605353,-0.733604855835438,0.516038525383919,-0.337698470801115,-0.923073810059577,0.331607602536678,0.647866097278893,-0.0532658933661878,-0.169271974824369,-0.309169166255742,0.853982769418508,-0.175677959341556,0.66091034701094,0.0437071197666228,-0.133077741134912,-0.761949620675296,0.360609360504895,-0.816988207399845,0.872671722434461,0.644712122622877,0.727340008597821,0.699572322890162,-0.73532310500741,-0.183476256206632,0.487840354908258,-0.110884881112725,0.482567388564348,-0.087026811670512
"61",0.745577080640942,-0.263511912431568,-0.378154810983688,0.55028789350763,-0.939400117378682,-0.181814308278263,-0.333912149537355,0.322067881468683,-0.418568454217166,-0.794236759189516,-0.9557358562015,0.413776101078838,0.187198817264289,0.389200157485902,0.739454209804535,-0.545892994385213,-0.0332480128854513,0.607257548719645,-0.934929196257144,-0.730166271328926,0.126240999437869,0.9421282322146,-0.0839261501096189,-0.347154221963137,-0.722614949569106,0.0118360589258373,0.460206046700478,0.29466704512015,0.143702902365476,-0.161982375197113,-0.0914796032011509,0.683326244819909,0.0518376338295639,-0.121716099791229,-0.608981625176966
"62",-0.827449576929212,0.695687040686607,-0.0576401553116739,-0.308839380275458,-0.510912859346718,0.912308769766241,0.679786838591099,-0.74369217408821,0.374663957860321,0.339756520465016,0.16333172051236,-0.307014563586563,0.960780183784664,0.935376091860235,-0.471785849425942,0.628983726259321,0.401749225798994,-0.811245251446962,-0.909548334777355,-0.629733727313578,-0.258322983980179,-0.596974831074476,-0.589506084099412,-0.261548202484846,0.0141092464327812,-0.942799483891577,0.618556966539472,0.787682544905692,0.835722700227052,-0.644940325524658,0.682202410884202,0.970090785529464,-0.261815790552646,0.972760126926005,-0.491604878567159
"63",0.404042884707451,0.825516251381487,0.281560354866087,0.72858779411763,-0.709074198268354,0.619359055068344,-0.94986145477742,-0.05702253151685,0.883105339948088,0.356153075583279,-0.417182344011962,-0.384533418808132,0.937312513589859,0.477957718074322,0.64214511634782,-0.592150771059096,-0.140211194753647,0.763147554825991,-0.432702803518623,0.560263671446592,0.203795497305691,-0.838380384724587,0.438149685505778,-0.916704695671797,-0.250269301701337,0.250235993415117,0.321393147110939,0.385354727506638,-0.097861242480576,-0.220326729118824,-0.718472332693636,-0.77670536050573,0.607113482430577,-0.652163192164153,-0.0532328113913536
"64",0.380322637967765,-0.712943203281611,0.217122419737279,-0.61596265155822,-0.300962440669537,-0.844112392514944,-0.099307575263083,0.94090659590438,-0.199176624417305,-0.332495144102722,0.786111762747169,0.748215242754668,0.861651072278619,-0.938674753997475,0.78946384601295,0.941460825968534,-0.515194365289062,-0.383493669331074,-0.266398800071329,-0.668132621794939,-0.123831605538726,-0.00867508491501212,-0.354751032777131,-0.823172329925001,0.928765883203596,-0.608484060969204,0.464108263142407,0.858550434466451,0.19011751934886,0.533116309903562,0.423033592756838,-0.254859067965299,-0.868929723277688,0.486616985406727,-0.235021981410682
"65",-0.0563185228966177,-0.815819379873574,-0.945092642679811,0.945024233777076,-0.228071227204055,0.0513168834149837,0.20680601336062,-0.236302249133587,0.945514081045985,-0.0236683618277311,0.396170869003981,-0.945274923462421,-0.0493954010307789,-0.416428639553487,0.328278918750584,-0.261240604799241,-0.0687089338898659,0.201588011812419,0.90243462100625,-0.926617919933051,-0.355305549222976,0.760891176294535,-0.308588288724422,-0.96747264219448,0.882623766548932,-0.854198680724949,-0.535986406728625,0.0593282994814217,-0.609923483338207,0.9733751793392,-0.571701970417053,-0.998766582459211,-0.108208375051618,0.935019862372428,0.238276906311512
